SessionID,StudentLevel,Discipline,SessionDate,SessionLengthMin,TotalPrompts,TaskType,AI_AssistanceLevel,FinalOutcome,UsedAgain,SatisfactionRating
SESSION00001,Undergraduate,Computer Science,2024-11-03,31.2,11,Studying,2,Assignment Completed,1,1.0
SESSION00002,Undergraduate,Psychology,2024-08-25,13.09,6,Studying,3,Assignment Completed,1,2.0
SESSION00003,Undergraduate,Business,2025-01-12,19.22,5,Coding,3,Assignment Completed,1,3.3
SESSION00004,Undergraduate,Computer Science,2025-05-06,3.7,1,Coding,3,Assignment Completed,1,3.5
SESSION00005,Undergraduate,Psychology,2025-03-18,28.12,9,Writing,3,Assignment Completed,1,2.9
SESSION00008,Undergraduate,Biology,2024-12-26,9.2,3,Writing,5,Assignment Completed,1,3.9
SESSION00009,Undergraduate,Business,2025-06-18,8.15,1,Brainstorming,3,Assignment Completed,1,3.3
SESSION00010,Undergraduate,Math,2025-04-14,5.57,1,Studying,3,Assignment Completed,0,1.4
SESSION00012,Undergraduate,Psychology,2024-11-07,11.51,5,Coding,3,Assignment Completed,0,3.9
SESSION00013,Undergraduate,History,2024-07-05,15.47,6,Studying,5,Idea Drafted,1,4.9
SESSION00014,Undergraduate,Business,2024-11-03,24.13,5,Writing,4,Idea Drafted,1,3.7
SESSION00017,Undergraduate,Business,2025-04-27,6.46,2,Writing,5,Confused,1,5.0
SESSION00019,Undergraduate,Math,2024-12-08,18.26,4,Studying,5,Assignment Completed,0,4.9
SESSION00021,Undergraduate,Engineering,2025-05-03,26.79,11,Brainstorming,3,Idea Drafted,1,4.4
SESSION00022,Undergraduate,Business,2025-01-09,11.11,2,Homework Help,5,Assignment Completed,0,4.9
SESSION00023,Undergraduate,Biology,2025-04-21,19.87,8,Studying,2,Idea Drafted,1,3.1
SESSION00024,Undergraduate,Math,2025-05-05,17.65,4,Coding,3,Gave Up,0,3.6
SESSION00026,Undergraduate,Biology,2024-09-14,11.86,2,Writing,2,Idea Drafted,1,3.2
SESSION00027,Undergraduate,History,2024-08-28,6.42,2,Homework Help,4,Idea Drafted,1,4.0
SESSION00029,Undergraduate,Psychology,2025-02-20,27.28,6,Studying,2,Confused,0,3.4
SESSION00030,Undergraduate,Engineering,2025-02-26,5.03,2,Studying,3,Confused,0,2.5
SESSION00032,Undergraduate,Computer Science,2025-04-20,19.04,7,Studying,3,Idea Drafted,0,3.3
SESSION00034,Undergraduate,Business,2025-04-10,10.59,4,Writing,3,Gave Up,0,3.9
SESSION00035,Undergraduate,Math,2025-03-21,25.1,7,Coding,4,Confused,1,4.3
SESSION00036,Undergraduate,Biology,2024-07-19,5.76,1,Writing,1,Confused,1,1.2
SESSION00037,Undergraduate,Engineering,2025-04-09,33.79,8,Writing,2,Assignment Completed,0,1.6
SESSION00038,Undergraduate,Psychology,2024-09-20,13.64,5,Writing,2,Assignment Completed,1,2.6
SESSION00041,Undergraduate,Computer Science,2025-06-21,33.29,15,Writing,2,Idea Drafted,1,1.7
SESSION00042,Undergraduate,Biology,2025-06-13,20.27,6,Studying,3,Confused,0,3.4
SESSION00044,Undergraduate,Psychology,2025-01-01,4.54,1,Writing,5,Confused,0,4.6
SESSION00045,Undergraduate,Biology,2025-01-26,15.08,3,Writing,4,Assignment Completed,1,4.8
SESSION00048,Undergraduate,Biology,2024-11-21,13.25,4,Research,2,Confused,0,1.4
SESSION00051,Undergraduate,Psychology,2024-11-14,13.43,3,Studying,2,Idea Drafted,1,2.3
SESSION00053,Undergraduate,Computer Science,2025-06-08,7.98,1,Research,4,Idea Drafted,1,4.2
SESSION00055,Undergraduate,Psychology,2024-07-08,6.98,2,Coding,2,Idea Drafted,1,2.8
SESSION00056,Undergraduate,Engineering,2024-12-16,6.25,2,Coding,4,Assignment Completed,1,5.0
SESSION00058,Undergraduate,Biology,2024-06-25,9.56,4,Coding,3,Assignment Completed,1,4.9
SESSION00061,Undergraduate,Computer Science,2024-06-30,17.72,6,Homework Help,2,Assignment Completed,1,3.1
SESSION00062,Undergraduate,Math,2025-03-09,14.78,7,Coding,3,Assignment Completed,0,2.5
SESSION00063,Undergraduate,Computer Science,2025-06-21,10.6,2,Coding,2,Assignment Completed,1,1.7
SESSION00064,Undergraduate,Business,2024-11-15,5.47,1,Homework Help,4,Assignment Completed,1,3.9
SESSION00066,Undergraduate,Biology,2024-11-02,8.89,3,Coding,3,Assignment Completed,1,2.7
SESSION00067,Undergraduate,Computer Science,2024-12-02,6.84,1,Studying,3,Idea Drafted,1,2.5
SESSION00068,Undergraduate,Business,2025-04-11,12.79,2,Coding,3,Assignment Completed,1,3.8
SESSION00069,Undergraduate,History,2025-05-15,41.2,12,Studying,3,Idea Drafted,1,3.1
SESSION00071,Undergraduate,Engineering,2024-10-24,10.4,3,Studying,4,Idea Drafted,1,5.0
SESSION00072,Undergraduate,Business,2025-05-24,11.04,5,Coding,3,Confused,0,2.3
SESSION00073,Undergraduate,Math,2024-12-20,5.3,1,Coding,3,Assignment Completed,1,2.3
SESSION00077,Undergraduate,Engineering,2024-07-31,26.8,8,Writing,3,Idea Drafted,1,2.5
SESSION00078,Undergraduate,History,2025-02-09,7.29,1,Coding,5,Assignment Completed,1,5.0
SESSION00080,Undergraduate,History,2025-01-28,37.05,13,Coding,2,Idea Drafted,1,1.8
SESSION00081,Undergraduate,History,2025-04-17,15.94,6,Homework Help,3,Assignment Completed,0,4.3
SESSION00082,Undergraduate,Computer Science,2024-08-08,16.4,4,Studying,4,Assignment Completed,1,4.2
SESSION00083,Undergraduate,Math,2025-02-09,19.56,7,Brainstorming,5,Confused,0,5.0
SESSION00085,Undergraduate,Business,2024-12-24,16.28,3,Writing,2,Idea Drafted,0,1.5
SESSION00089,Undergraduate,History,2025-04-01,14.59,4,Homework Help,3,Assignment Completed,1,3.5
SESSION00090,Undergraduate,Business,2025-04-15,4.65,1,Studying,4,Confused,0,3.1
SESSION00091,Undergraduate,Computer Science,2024-11-03,24.83,8,Writing,3,Assignment Completed,1,3.4
SESSION00092,Undergraduate,Biology,2024-08-09,10.39,2,Writing,5,Assignment Completed,0,5.0
SESSION00093,Undergraduate,Math,2025-02-21,35.49,16,Homework Help,5,Confused,1,5.0
SESSION00098,Undergraduate,Engineering,2025-02-26,27.26,7,Homework Help,3,Gave Up,1,2.8
SESSION00099,Undergraduate,Math,2024-10-25,11.17,3,Studying,4,Idea Drafted,1,2.7
SESSION00102,Undergraduate,Engineering,2025-01-18,16.16,4,Studying,4,Assignment Completed,1,1.9
SESSION00103,Undergraduate,Business,2025-05-09,8.75,3,Homework Help,3,Idea Drafted,1,1.0
SESSION00104,Undergraduate,Psychology,2024-12-06,14.9,3,Writing,3,Idea Drafted,0,1.6
SESSION00105,Undergraduate,Biology,2024-10-15,14.8,5,Coding,3,Assignment Completed,1,3.0
SESSION00106,Undergraduate,Business,2024-07-09,7.82,2,Studying,4,Idea Drafted,1,3.7
SESSION00107,Undergraduate,Psychology,2025-05-23,39.45,8,Studying,4,Idea Drafted,1,3.2
SESSION00112,Undergraduate,Biology,2025-03-09,28.36,7,Writing,4,Assignment Completed,1,3.9
SESSION00113,Undergraduate,Biology,2024-08-16,10.94,5,Coding,5,Idea Drafted,1,3.6
SESSION00114,Undergraduate,Psychology,2025-03-21,25.5,6,Homework Help,3,Assignment Completed,1,3.6
SESSION00118,Undergraduate,Biology,2024-08-22,22.8,4,Writing,4,Confused,0,3.7
SESSION00119,Undergraduate,Computer Science,2024-10-11,15.91,5,Research,4,Idea Drafted,0,3.1
SESSION00120,Undergraduate,Math,2024-11-03,20.93,9,Studying,5,Assignment Completed,1,5.0
SESSION00121,Undergraduate,History,2025-05-20,33.88,7,Writing,5,Idea Drafted,1,4.3
SESSION00123,Undergraduate,Engineering,2024-07-22,19.37,4,Studying,2,Gave Up,0,2.7
SESSION00124,Undergraduate,Math,2025-01-16,16.79,4,Brainstorming,5,Confused,0,4.4
SESSION00126,Undergraduate,Math,2024-07-23,19.28,5,Writing,3,Assignment Completed,0,2.5
SESSION00128,Undergraduate,Psychology,2024-10-21,18.61,4,Writing,5,Assignment Completed,1,4.4
SESSION00130,Undergraduate,Psychology,2024-10-18,3.6,1,Writing,4,Assignment Completed,1,4.9
SESSION00131,Undergraduate,History,2024-11-29,37.72,7,Writing,3,Assignment Completed,1,2.9
SESSION00132,Undergraduate,Math,2024-07-02,8.05,2,Coding,5,Assignment Completed,1,4.5
SESSION00133,Undergraduate,Psychology,2024-07-04,20.21,5,Studying,3,Idea Drafted,0,2.6
SESSION00135,Undergraduate,Computer Science,2024-10-29,15.82,4,Writing,4,Idea Drafted,1,3.6
SESSION00137,Undergraduate,Business,2025-03-27,2.54,1,Coding,5,Idea Drafted,1,5.0
SESSION00139,Undergraduate,Business,2025-05-27,18.37,4,Coding,5,Assignment Completed,1,5.0
SESSION00141,Undergraduate,Computer Science,2025-06-20,23.52,11,Writing,3,Assignment Completed,1,2.3
SESSION00142,Undergraduate,History,2025-01-13,20.13,5,Research,5,Idea Drafted,0,5.0
SESSION00144,Undergraduate,History,2025-02-11,14.86,6,Brainstorming,3,Assignment Completed,1,2.7
SESSION00147,Undergraduate,Math,2024-11-11,31.16,6,Writing,3,Idea Drafted,1,2.8
SESSION00148,Undergraduate,Engineering,2024-08-07,11.21,3,Studying,3,Idea Drafted,1,1.6
SESSION00149,Undergraduate,Psychology,2024-07-30,10.41,2,Writing,4,Assignment Completed,1,2.8
SESSION00150,Undergraduate,Math,2024-10-04,26.97,6,Homework Help,4,Confused,0,3.7
SESSION00154,Undergraduate,Engineering,2025-06-04,15.7,5,Homework Help,5,Assignment Completed,1,3.3
SESSION00156,Undergraduate,Business,2024-09-02,7.61,3,Homework Help,3,Assignment Completed,1,3.2
SESSION00157,Undergraduate,Business,2025-02-02,20.22,6,Homework Help,2,Assignment Completed,1,1.0
SESSION00158,Undergraduate,Business,2024-09-14,14.04,3,Coding,4,Idea Drafted,1,4.2
SESSION00160,Undergraduate,Engineering,2025-04-30,6.51,1,Coding,4,Assignment Completed,1,4.0
SESSION00161,Undergraduate,Business,2024-07-24,11.77,4,Coding,3,Assignment Completed,1,2.9
SESSION00162,Undergraduate,History,2024-09-21,13.1,2,Writing,3,Assignment Completed,1,1.3
SESSION00168,Undergraduate,Math,2025-01-23,40.08,9,Coding,4,Assignment Completed,1,4.1
SESSION00169,Undergraduate,Engineering,2025-04-13,8.02,2,Coding,4,Assignment Completed,1,4.7
SESSION00170,Undergraduate,Computer Science,2025-01-20,6.85,1,Writing,4,Confused,0,4.7
SESSION00171,Undergraduate,Business,2025-06-13,24.99,5,Studying,4,Idea Drafted,1,3.3
SESSION00172,Undergraduate,Engineering,2025-05-23,1.2,1,Studying,4,Assignment Completed,0,3.9
SESSION00173,Undergraduate,Engineering,2024-07-24,21.11,8,Homework Help,3,Assignment Completed,1,3.3
SESSION00175,Undergraduate,Engineering,2025-03-27,20.31,7,Studying,4,Idea Drafted,1,4.0
SESSION00176,Undergraduate,Psychology,2025-01-23,16.66,3,Writing,3,Assignment Completed,1,3.1
SESSION00177,Undergraduate,Business,2025-06-22,13.47,2,Writing,4,Assignment Completed,1,3.8
SESSION00178,Undergraduate,Biology,2025-02-03,9.27,2,Writing,4,Assignment Completed,1,5.0
SESSION00179,Undergraduate,Engineering,2025-05-27,11.43,2,Writing,3,Assignment Completed,1,3.3
SESSION00181,Undergraduate,Computer Science,2025-01-22,8.34,2,Writing,3,Assignment Completed,1,4.9
SESSION00182,Undergraduate,Computer Science,2024-10-17,3.55,1,Studying,3,Idea Drafted,1,2.3
SESSION00183,Undergraduate,Psychology,2025-06-10,9.93,3,Coding,5,Assignment Completed,1,5.0
SESSION00185,Undergraduate,Business,2025-03-06,38.8,8,Writing,3,Idea Drafted,1,3.4
SESSION00187,Undergraduate,Business,2024-08-02,20.62,4,Writing,2,Assignment Completed,1,2.1
SESSION00189,Undergraduate,Biology,2024-11-27,39.67,19,Coding,4,Assignment Completed,0,3.9
SESSION00191,Undergraduate,Computer Science,2025-06-20,13.43,2,Writing,3,Gave Up,1,3.9
SESSION00192,Undergraduate,Computer Science,2024-07-09,11.71,3,Homework Help,3,Confused,1,2.9
SESSION00194,Undergraduate,Biology,2025-06-15,19.03,4,Studying,3,Gave Up,0,3.6
SESSION00195,Undergraduate,Computer Science,2025-05-30,10.37,4,Studying,4,Confused,0,4.3
SESSION00196,Undergraduate,Business,2024-12-04,37.05,14,Studying,5,Idea Drafted,1,5.0
SESSION00197,Undergraduate,Business,2024-07-30,26.61,5,Brainstorming,4,Assignment Completed,0,3.3
SESSION00198,Undergraduate,Computer Science,2025-03-06,72.82,25,Homework Help,2,Gave Up,0,2.0
SESSION00200,Undergraduate,Business,2024-10-06,15.52,4,Studying,2,Confused,0,2.8
SESSION00203,Undergraduate,History,2024-08-16,23.58,6,Coding,4,Idea Drafted,0,3.9
SESSION00207,Undergraduate,Business,2024-06-25,47.16,17,Studying,4,Assignment Completed,1,3.3
SESSION00208,Undergraduate,Biology,2024-08-04,4.48,1,Homework Help,3,Assignment Completed,1,3.2
SESSION00209,Undergraduate,Engineering,2025-06-05,39.95,9,Homework Help,4,Gave Up,0,3.9
SESSION00210,Undergraduate,History,2024-12-26,48.04,10,Coding,5,Confused,0,3.9
SESSION00211,Undergraduate,Math,2024-07-10,7.55,3,Writing,4,Gave Up,0,5.0
SESSION00213,Undergraduate,Psychology,2025-05-04,20.35,7,Coding,4,Assignment Completed,0,5.0
SESSION00214,Undergraduate,Computer Science,2024-11-11,84.15,31,Homework Help,5,Confused,0,5.0
SESSION00215,Undergraduate,Business,2024-11-28,10.54,4,Writing,5,Idea Drafted,1,5.0
SESSION00217,Undergraduate,Engineering,2024-08-04,10.93,3,Research,1,Confused,0,2.0
SESSION00218,Undergraduate,Biology,2024-10-04,11.12,2,Homework Help,3,Assignment Completed,1,2.5
SESSION00219,Undergraduate,Psychology,2024-08-24,43.1,12,Studying,3,Idea Drafted,1,3.0
SESSION00222,Undergraduate,Engineering,2025-01-27,30.16,11,Homework Help,2,Assignment Completed,1,2.4
SESSION00223,Undergraduate,Biology,2025-06-06,17.16,5,Coding,3,Assignment Completed,1,2.4
SESSION00230,Undergraduate,Computer Science,2025-03-02,33.3,7,Coding,3,Confused,0,2.3
SESSION00232,Undergraduate,Psychology,2025-01-30,46.97,20,Homework Help,3,Assignment Completed,1,1.0
SESSION00233,Undergraduate,Business,2025-03-23,16.77,4,Writing,2,Assignment Completed,1,1.5
SESSION00235,Undergraduate,Psychology,2024-08-03,15.21,7,Writing,2,Assignment Completed,1,1.1
SESSION00236,Undergraduate,Computer Science,2025-02-23,33.03,10,Writing,2,Assignment Completed,0,2.0
SESSION00237,Undergraduate,Psychology,2025-05-05,28.1,10,Coding,3,Assignment Completed,1,3.3
SESSION00238,Undergraduate,Business,2024-06-30,10.52,4,Writing,4,Assignment Completed,1,3.5
SESSION00240,Undergraduate,Psychology,2024-09-16,8.87,4,Homework Help,3,Confused,0,4.1
SESSION00241,Undergraduate,Engineering,2025-04-03,28.1,13,Writing,5,Idea Drafted,1,5.0
SESSION00243,Undergraduate,Business,2024-08-12,4.8,2,Homework Help,2,Assignment Completed,1,2.4
SESSION00244,Undergraduate,Computer Science,2024-08-28,10.72,3,Writing,3,Confused,0,3.6
SESSION00245,Undergraduate,Engineering,2025-04-06,20.1,5,Coding,4,Assignment Completed,1,4.2
SESSION00246,Undergraduate,Biology,2025-05-09,9.18,4,Homework Help,2,Idea Drafted,1,2.2
SESSION00250,Undergraduate,Biology,2024-09-24,27.42,5,Homework Help,3,Assignment Completed,0,4.2
SESSION00251,Undergraduate,History,2024-11-29,13.08,4,Homework Help,3,Assignment Completed,1,4.0
SESSION00252,Undergraduate,History,2024-06-26,25.74,6,Studying,3,Confused,0,3.5
SESSION00255,Undergraduate,Math,2025-05-29,19.44,7,Brainstorming,4,Idea Drafted,1,3.8
SESSION00256,Undergraduate,Business,2024-10-08,12.1,2,Studying,5,Idea Drafted,1,4.7
SESSION00257,Undergraduate,Computer Science,2025-02-02,32.53,11,Studying,3,Idea Drafted,1,2.1
SESSION00260,Undergraduate,Biology,2025-04-21,5.58,1,Writing,4,Assignment Completed,1,4.7
SESSION00263,Undergraduate,Biology,2025-01-01,67.56,21,Writing,3,Assignment Completed,0,3.8
SESSION00264,Undergraduate,Math,2025-01-22,17.13,6,Studying,4,Gave Up,0,3.8
SESSION00265,Undergraduate,Engineering,2024-09-24,3.64,1,Writing,4,Confused,0,3.7
SESSION00266,Undergraduate,Math,2024-07-17,12.54,4,Writing,3,Idea Drafted,0,3.0
SESSION00267,Undergraduate,Computer Science,2024-12-07,2.32,1,Writing,2,Assignment Completed,1,2.3
SESSION00268,Undergraduate,Engineering,2024-09-13,10.81,2,Coding,5,Assignment Completed,1,5.0
SESSION00269,Undergraduate,Computer Science,2025-02-17,20.42,5,Coding,4,Assignment Completed,1,2.5
SESSION00274,Undergraduate,Engineering,2025-01-14,8.67,3,Coding,4,Assignment Completed,1,4.2
SESSION00275,Undergraduate,Computer Science,2024-10-15,5.8,1,Coding,3,Assignment Completed,1,3.4
SESSION00276,Undergraduate,History,2024-11-04,13.93,6,Coding,4,Confused,0,4.1
SESSION00279,Undergraduate,Biology,2025-02-08,33.35,12,Studying,4,Idea Drafted,1,3.3
SESSION00280,Undergraduate,History,2024-11-30,11.31,4,Studying,4,Assignment Completed,1,3.6
SESSION00281,Undergraduate,Psychology,2025-06-12,6.85,1,Studying,4,Confused,0,3.9
SESSION00282,Undergraduate,Engineering,2025-02-03,46.75,10,Writing,4,Assignment Completed,1,3.8
SESSION00286,Undergraduate,History,2025-02-18,16.3,5,Research,2,Confused,0,1.0
SESSION00288,Undergraduate,Biology,2025-06-04,14.75,3,Studying,4,Assignment Completed,1,4.6
SESSION00289,Undergraduate,Biology,2024-08-11,28.55,8,Homework Help,3,Assignment Completed,1,3.2
SESSION00295,Undergraduate,Biology,2025-01-03,51.31,17,Brainstorming,3,Idea Drafted,0,2.8
SESSION00296,Undergraduate,Math,2024-06-24,7.44,1,Writing,5,Idea Drafted,0,5.0
SESSION00297,Undergraduate,History,2024-08-07,5.22,1,Studying,5,Confused,0,5.0
SESSION00298,Undergraduate,Psychology,2024-11-28,21.84,5,Writing,3,Assignment Completed,1,1.8
SESSION00300,Undergraduate,Biology,2024-09-06,15.18,3,Coding,4,Assignment Completed,1,4.6
SESSION00301,Undergraduate,Biology,2025-04-10,7.5,2,Writing,4,Idea Drafted,1,5.0
SESSION00303,Undergraduate,Biology,2025-03-19,5.5,1,Homework Help,3,Confused,1,2.4
SESSION00304,Undergraduate,Math,2024-08-12,11.76,3,Research,3,Confused,1,3.5
SESSION00305,Undergraduate,Psychology,2025-02-02,25.46,10,Coding,2,Assignment Completed,1,1.9
SESSION00310,Undergraduate,Business,2024-08-09,16.58,3,Writing,2,Assignment Completed,1,3.3
SESSION00311,Undergraduate,Computer Science,2025-03-11,3.82,1,Studying,2,Gave Up,0,2.3
SESSION00314,Undergraduate,History,2025-03-27,9.81,2,Homework Help,5,Assignment Completed,1,5.0
SESSION00316,Undergraduate,Computer Science,2024-09-21,16.69,8,Coding,3,Assignment Completed,1,2.5
SESSION00317,Undergraduate,History,2024-09-29,31.75,10,Coding,5,Confused,1,5.0
SESSION00319,Undergraduate,Biology,2024-07-12,6.4,1,Coding,2,Assignment Completed,1,1.8
SESSION00320,Undergraduate,History,2025-04-03,4.74,1,Writing,3,Confused,1,3.7
SESSION00322,Undergraduate,Business,2025-03-16,7.29,2,Writing,2,Assignment Completed,0,3.2
SESSION00325,Undergraduate,Psychology,2024-09-16,4.1,1,Studying,3,Idea Drafted,1,4.1
SESSION00326,Undergraduate,Business,2024-10-09,2.85,1,Writing,5,Assignment Completed,1,5.0
SESSION00332,Undergraduate,Business,2025-03-29,20.72,5,Studying,4,Idea Drafted,1,4.8
SESSION00335,Undergraduate,History,2025-03-21,16.77,3,Studying,3,Assignment Completed,1,2.5
SESSION00336,Undergraduate,Math,2024-06-29,11.91,3,Homework Help,5,Assignment Completed,1,4.6
SESSION00337,Undergraduate,Computer Science,2024-12-01,41.87,9,Writing,3,Confused,0,2.4
SESSION00338,Undergraduate,Engineering,2024-08-04,39.77,9,Writing,3,Assignment Completed,1,3.0
SESSION00340,Undergraduate,Business,2024-09-12,23.0,5,Coding,3,Confused,0,3.8
SESSION00341,Undergraduate,Engineering,2024-12-14,15.82,3,Homework Help,2,Assignment Completed,1,1.0
SESSION00342,Undergraduate,Business,2024-08-19,10.32,2,Writing,2,Assignment Completed,1,2.6
SESSION00343,Undergraduate,Business,2024-08-20,15.62,6,Studying,4,Idea Drafted,1,3.1
SESSION00345,Undergraduate,Math,2025-03-02,12.47,3,Coding,4,Gave Up,1,4.0
SESSION00348,Undergraduate,Computer Science,2025-05-27,15.63,4,Studying,5,Confused,1,5.0
SESSION00349,Undergraduate,History,2024-11-14,7.9,1,Studying,5,Assignment Completed,1,5.0
SESSION00350,Undergraduate,Business,2024-10-28,0.03,1,Homework Help,5,Idea Drafted,1,5.0
SESSION00351,Undergraduate,Computer Science,2024-11-30,11.89,3,Writing,1,Idea Drafted,1,1.0
SESSION00353,Undergraduate,History,2025-03-07,7.79,1,Writing,2,Assignment Completed,0,2.0
SESSION00356,Undergraduate,Psychology,2024-10-08,22.26,8,Writing,3,Idea Drafted,0,3.5
SESSION00357,Undergraduate,Biology,2024-12-13,5.67,1,Writing,5,Confused,0,4.5
SESSION00358,Undergraduate,Engineering,2025-03-08,9.04,1,Brainstorming,3,Idea Drafted,1,3.9
SESSION00360,Undergraduate,Psychology,2025-05-23,24.22,5,Coding,3,Assignment Completed,0,2.5
SESSION00361,Undergraduate,Math,2025-02-25,10.69,3,Coding,4,Gave Up,0,4.4
SESSION00362,Undergraduate,History,2024-08-19,10.15,3,Studying,3,Idea Drafted,1,3.4
SESSION00363,Undergraduate,Business,2024-09-12,19.26,5,Writing,4,Assignment Completed,1,4.1
SESSION00364,Undergraduate,Psychology,2024-11-22,7.04,2,Coding,3,Idea Drafted,1,3.2
SESSION00365,Undergraduate,Math,2024-11-08,14.84,3,Homework Help,5,Assignment Completed,0,4.6
SESSION00366,Undergraduate,Math,2024-09-05,9.61,2,Homework Help,4,Assignment Completed,0,5.0
SESSION00367,Undergraduate,Computer Science,2025-05-27,14.03,6,Writing,2,Idea Drafted,0,1.2
SESSION00369,Undergraduate,Psychology,2025-05-23,12.03,3,Writing,2,Assignment Completed,1,2.9
SESSION00371,Undergraduate,Math,2024-09-26,7.55,3,Homework Help,3,Idea Drafted,1,1.0
SESSION00372,Undergraduate,Engineering,2024-12-31,11.97,2,Studying,4,Idea Drafted,0,3.8
SESSION00373,Undergraduate,Biology,2024-12-30,21.68,4,Studying,3,Assignment Completed,1,3.3
SESSION00374,Undergraduate,Math,2024-10-08,3.93,1,Coding,4,Assignment Completed,1,4.5
SESSION00375,Undergraduate,Business,2024-12-10,3.32,1,Coding,2,Assignment Completed,0,2.1
SESSION00378,Undergraduate,Business,2024-06-25,6.53,2,Homework Help,3,Assignment Completed,1,2.8
SESSION00380,Undergraduate,Math,2024-12-21,17.85,5,Writing,3,Assignment Completed,1,5.0
SESSION00381,Undergraduate,Psychology,2024-08-24,31.31,6,Coding,4,Confused,1,4.1
SESSION00385,Undergraduate,Psychology,2025-05-13,40.6,9,Studying,2,Assignment Completed,1,2.2
SESSION00387,Undergraduate,Engineering,2025-04-10,10.49,4,Writing,3,Idea Drafted,0,4.7
SESSION00388,Undergraduate,History,2024-12-19,17.66,4,Coding,2,Idea Drafted,1,2.0
SESSION00389,Undergraduate,Business,2025-01-13,61.31,18,Studying,3,Assignment Completed,1,3.2
SESSION00390,Undergraduate,History,2024-10-14,28.8,6,Brainstorming,2,Idea Drafted,1,1.6
SESSION00391,Undergraduate,Math,2024-09-11,3.53,1,Coding,3,Assignment Completed,1,4.1
SESSION00392,Undergraduate,Engineering,2024-12-01,12.87,4,Research,5,Assignment Completed,1,5.0
SESSION00394,Undergraduate,Psychology,2025-06-01,6.99,2,Coding,2,Assignment Completed,1,2.9
SESSION00398,Undergraduate,Business,2024-10-10,12.61,5,Homework Help,5,Confused,1,4.2
SESSION00402,Undergraduate,Engineering,2024-06-29,7.0,2,Coding,3,Assignment Completed,1,2.9
SESSION00405,Undergraduate,Biology,2025-04-16,17.26,3,Writing,4,Idea Drafted,1,4.6
SESSION00407,Undergraduate,History,2024-07-19,51.62,11,Studying,3,Gave Up,0,3.0
SESSION00409,Undergraduate,Engineering,2024-12-17,10.12,4,Studying,1,Idea Drafted,1,1.0
SESSION00410,Undergraduate,Engineering,2024-11-06,12.91,4,Coding,3,Confused,0,3.1
SESSION00412,Undergraduate,Business,2025-03-01,15.6,5,Studying,3,Assignment Completed,0,2.9
SESSION00413,Undergraduate,History,2024-09-19,17.95,3,Research,2,Assignment Completed,1,2.1
SESSION00415,Undergraduate,Engineering,2024-09-10,8.1,1,Studying,2,Idea Drafted,1,1.0
SESSION00416,Undergraduate,Psychology,2025-03-18,7.89,1,Studying,4,Assignment Completed,1,4.3
SESSION00417,Undergraduate,Biology,2025-05-25,9.01,1,Writing,4,Assignment Completed,1,4.3
SESSION00421,Undergraduate,Math,2024-11-22,3.64,1,Coding,2,Idea Drafted,0,2.0
SESSION00422,Undergraduate,Biology,2024-10-06,41.64,20,Homework Help,3,Assignment Completed,0,4.5
SESSION00423,Undergraduate,History,2024-08-25,29.96,8,Writing,4,Idea Drafted,0,4.7
SESSION00424,Undergraduate,Math,2024-12-27,40.96,12,Brainstorming,4,Gave Up,1,4.3
SESSION00428,Undergraduate,Biology,2024-08-14,33.76,6,Writing,4,Gave Up,0,4.0
SESSION00431,Undergraduate,Math,2024-09-23,16.97,3,Studying,4,Assignment Completed,1,3.8
SESSION00432,Undergraduate,Business,2025-03-01,7.47,1,Homework Help,3,Gave Up,0,2.6
SESSION00434,Undergraduate,History,2024-11-20,20.6,6,Studying,2,Confused,0,2.0
SESSION00436,Undergraduate,Computer Science,2025-01-24,31.93,15,Coding,3,Confused,0,2.6
SESSION00440,Undergraduate,Computer Science,2024-08-19,7.84,1,Studying,4,Idea Drafted,1,5.0
SESSION00441,Undergraduate,Psychology,2024-08-05,20.59,8,Writing,3,Assignment Completed,0,2.3
SESSION00442,Undergraduate,Math,2024-10-05,18.72,7,Homework Help,5,Assignment Completed,1,4.3
SESSION00444,Undergraduate,Computer Science,2024-11-15,11.1,2,Writing,2,Assignment Completed,1,1.8
SESSION00445,Undergraduate,Math,2025-01-12,1.4,1,Homework Help,3,Gave Up,0,2.3
SESSION00446,Undergraduate,Engineering,2024-09-30,1.25,1,Writing,4,Assignment Completed,1,4.5
SESSION00447,Undergraduate,Psychology,2025-03-18,23.69,6,Coding,4,Idea Drafted,1,4.0
SESSION00448,Undergraduate,Engineering,2024-08-01,27.31,6,Coding,3,Assignment Completed,1,2.3
SESSION00449,Undergraduate,Psychology,2024-10-07,4.03,1,Brainstorming,3,Assignment Completed,1,2.5
SESSION00450,Undergraduate,Business,2025-05-24,19.75,4,Coding,3,Assignment Completed,1,4.3
SESSION00451,Undergraduate,Engineering,2025-03-06,11.61,4,Homework Help,2,Idea Drafted,1,2.3
SESSION00453,Undergraduate,Engineering,2025-04-30,22.48,9,Coding,3,Gave Up,1,2.3
SESSION00454,Undergraduate,Engineering,2024-10-22,8.93,2,Writing,3,Assignment Completed,1,4.0
SESSION00461,Undergraduate,Business,2024-08-04,11.57,4,Coding,3,Assignment Completed,0,1.4
SESSION00463,Undergraduate,History,2025-06-08,47.81,20,Studying,4,Confused,0,3.1
SESSION00464,Undergraduate,History,2024-10-11,13.14,4,Writing,5,Assignment Completed,0,4.8
SESSION00466,Undergraduate,Math,2025-05-04,36.05,8,Writing,3,Assignment Completed,1,3.3
SESSION00467,Undergraduate,History,2024-09-26,0.94,1,Coding,3,Assignment Completed,1,4.5
SESSION00468,Undergraduate,History,2025-04-14,17.44,4,Studying,3,Gave Up,1,2.5
SESSION00471,Undergraduate,Psychology,2025-01-25,11.23,3,Coding,2,Assignment Completed,1,1.4
SESSION00472,Undergraduate,Business,2025-05-22,17.09,3,Research,3,Confused,1,4.2
SESSION00473,Undergraduate,Business,2025-02-17,24.63,4,Coding,4,Idea Drafted,0,5.0
SESSION00474,Undergraduate,Computer Science,2025-02-02,4.78,1,Research,3,Assignment Completed,1,3.3
SESSION00476,Undergraduate,Business,2025-06-18,8.41,2,Brainstorming,3,Idea Drafted,1,2.3
SESSION00478,Undergraduate,Engineering,2025-06-17,3.51,1,Writing,3,Assignment Completed,0,3.9
SESSION00479,Undergraduate,Math,2024-09-03,13.31,3,Studying,2,Idea Drafted,1,1.0
SESSION00480,Undergraduate,Engineering,2025-02-22,10.77,2,Studying,3,Idea Drafted,1,3.7
SESSION00487,Undergraduate,Biology,2025-04-18,6.9,1,Studying,3,Confused,0,4.3
SESSION00488,Undergraduate,Business,2025-03-18,50.52,12,Coding,3,Assignment Completed,1,3.4
SESSION00490,Undergraduate,Engineering,2025-01-25,17.68,4,Homework Help,5,Idea Drafted,1,5.0
SESSION00491,Undergraduate,Computer Science,2024-12-04,16.15,6,Homework Help,3,Assignment Completed,1,2.2
SESSION00492,Undergraduate,Engineering,2025-01-30,14.78,3,Writing,4,Gave Up,1,3.1
SESSION00494,Undergraduate,History,2024-06-24,6.15,1,Studying,2,Idea Drafted,1,2.2
SESSION00495,Undergraduate,Business,2024-12-27,12.57,2,Brainstorming,3,Confused,0,4.3
SESSION00497,Undergraduate,Computer Science,2024-09-04,19.51,5,Coding,3,Assignment Completed,1,4.4
SESSION00498,Undergraduate,Math,2024-08-05,22.96,6,Homework Help,4,Assignment Completed,1,5.0
SESSION00499,Undergraduate,Math,2025-04-04,16.77,5,Writing,2,Assignment Completed,1,1.1
